epoch,time,train/loss,metrics/accuracy_top1,metrics/accuracy_top5,val/loss,lr/pg0,lr/pg1,lr/pg2
1,78.8115,2.52788,0.54667,0.93333,1.64586,0.000163333,0.000163333,0.000163333
2,140.28,1.46119,0.72,0.98222,0.79414,0.000323466,0.000323466,0.000323466
3,196.951,0.83245,0.77333,0.99111,0.63451,0.000476999,0.000476999,0.000476999
4,249.918,0.66165,0.79111,0.99556,0.59316,0.0004703,0.0004703,0.0004703
5,305.799,0.50132,0.81333,0.98667,0.55946,0.0004604,0.0004604,0.0004604
6,361.205,0.47113,0.81778,1,0.46863,0.0004505,0.0004505,0.0004505
7,416.996,0.48126,0.80444,1,0.64716,0.0004406,0.0004406,0.0004406
8,471.65,0.32901,0.80889,1,0.54047,0.0004307,0.0004307,0.0004307
9,526.378,0.3316,0.83556,0.98667,0.54483,0.0004208,0.0004208,0.0004208
10,581.56,0.32564,0.81333,0.99556,0.53381,0.0004109,0.0004109,0.0004109
11,634.137,0.28863,0.84444,1,0.47375,0.000401,0.000401,0.000401
12,689.759,0.29169,0.80444,0.99556,0.52852,0.0003911,0.0003911,0.0003911
13,743.209,0.23527,0.82222,1,0.54438,0.0003812,0.0003812,0.0003812
14,800.047,0.28328,0.79556,0.99556,0.75355,0.0003713,0.0003713,0.0003713
15,857.43,0.20978,0.84889,0.99556,0.48369,0.0003614,0.0003614,0.0003614
16,913.112,0.17511,0.84,1,0.42449,0.0003515,0.0003515,0.0003515
17,967.38,0.27271,0.82222,1,0.5687,0.0003416,0.0003416,0.0003416
18,1023.83,0.24194,0.84889,0.99111,0.44735,0.0003317,0.0003317,0.0003317
19,1082.06,0.21415,0.86667,1,0.40048,0.0003218,0.0003218,0.0003218
20,1135.5,0.18037,0.84,0.99556,0.46617,0.0003119,0.0003119,0.0003119
21,1193.59,0.14293,0.84444,1,0.44699,0.000302,0.000302,0.000302
22,1248.6,0.1883,0.85333,0.99111,0.46194,0.0002921,0.0002921,0.0002921
23,1303.26,0.13352,0.86222,0.99111,0.51311,0.0002822,0.0002822,0.0002822
24,1357.45,0.22334,0.85333,0.99111,0.55967,0.0002723,0.0002723,0.0002723
25,1412.99,0.15256,0.84444,1,0.51562,0.0002624,0.0002624,0.0002624
26,1467.63,0.17541,0.84444,1,0.54693,0.0002525,0.0002525,0.0002525
27,1522.32,0.1389,0.87111,0.99556,0.45827,0.0002426,0.0002426,0.0002426
28,1577.67,0.10737,0.85333,0.99556,0.4692,0.0002327,0.0002327,0.0002327
29,1632.86,0.19737,0.84444,1,0.55048,0.0002228,0.0002228,0.0002228
